,작성자 1,라뷰 1,작성자 2,라뷰 2,작성자 3,라뷰 3,작성자 4,라뷰 4,작성자 5,라뷰 5,작성자 6,라뷰 6
"C.S. 루이스, 스크루테이프의 편지",김애리,"Funny, sarcastic and thoughtful. 스크루테이프와 맞장뜨고 싶으신 분 읽어보세요",박찬영,선과 악의 본성과 양면성에 대한 통렬한 고찰이자 비평이라고 봅니다. 정말 나는 잘 하고 있는 것인가?,,,,,,,,
"R.A. 토레이, 평범함 속의 권능",박찬영,"평범하고 평탄하게 신앙생활을 한다고 해서, 하나님이 내려주신 능력과 은혜를 충분히 누릴 수 없는 것이 아니다. 우리 모두는 그럴 자격이 있다.",,,,,,,,,,
"게르트 타이쎈, 갈릴래아 사람의 그림자",,,,,,,,,,,,
"고든 스미스, 온전한 성화",박찬영,"구원을 얻게된 자격을 오직 은혜로 얻게된 이후, 예수 그리스도를 닮아가는 길에 어떻게 온전히 서 있을 수 있는가를 고민하고 확신하게 해 준 책입니다. 오직 성령의 능력으로!!!",,,,,,,,,,
"김민석, 창조론 연대기",김애리,"아직도 젊은 지구, 창조과학이란 사이비 과학을 믿는다면 이 책을 입문서로 무지에서 깨어나길 바래요 ",안재욱,만화라서 좋은 접근성 떄문에 간과하기 쉬운 깊이,송태선,성경 해석의 과학적 오용을 일깨워준 책,,,,,,
"김민석, 요한복음 뒷조사",안재욱,"""친구도 되기 전에 어떻게 형제, 자매가 될 수 있겠어""",,,,,,,,,,
"김병수, 마흔 마음 공부를 시작했다",정영훈,"마음공부, 즉 자신을 찾아가는 여정은 어느 나이에나 필요한 것이겠지만, 지은이는 마흔 즈음에는 상실의 고통 속에서 전환을 모색해야 하는 시기이기에 그 중요성이 크다고 합니다. 열심히 달려 오시다가 잃어버린 것을 발견하신 분들께 일독을 권합니다.",,,,,,,,,,
"김용규, 그리스도인은 왜 인문학을 공부해야 하는가?",안재욱,"역사, 예술과 철학을 통해 하나님을 더 잘 알 수 있게 되기를...",,,,,,,,,,
"데이비드 깁슨, 인생 전도서를 읽다",김애리,"삶은 수익이 아니라 선물이다. 수고를 통해 이윤을 얻으려는 노력을 포기하고, 하나님이 당신에게 주신 것들을 그대로 누리려고 애써 보라. ",,,,,,,,,,
"디트리히 본회퍼, 나를 따르라",안재욱,"Nachfolge! ""네가 선택한 업적이나 네가 생각한 고난이 아니라 너의 선택과 생각과 욕망을 거슬러 네게 다가오시는 분이 너를 인도할 것이다. 나를 따르라.""",박찬영,행함이 없는 믿음은 죽은 믿음이다. 성령의 열매를 내게 보여달라. 안일함과 방관을 떨쳐 버리고 예수 그리스도가 보여 주신 나눔과 실천의 길로 나아가라,,,,,,,,
"맥스 루케이도, 하나님이 캐스팅한 사람들",김애리,별 볼일 없는 한심한 당신과 나도 하나님께 캐스팅될 수 있습니다! ,송태선,"연약한 사람들을 통해 일하시는 하나님의 따뜻한 은혜, 이미 케스팅 된 우리",박찬영,우리는 하나님께 캐스팅되었다! 그리스도인으로서 산다는 무대에서 하나님의 인도하에 그 분의 뜻을 이루어 가리라.,,,,,,
"박상길, 비전공자도 이해할 수 있는 AI 지식",김애리,3개월이면 out of date가 된다는 AI 발전 현실에서 인공지능에 대한 기본개념을 알려주는 책. 그리스도인도 배워야 산다! ,안재욱,AI에게 전도해 보자,송태선,"AI 시대, 기술을 다스리되 마음은 하나님께로 붙들려 있자",박찬영,세상과 인간의 변화와 의도를 간파할 수 있는 책!,,,,
"박영선, 믿음의 본질",안재욱,하나님이 나를 먼저 믿어주신다는 놀라운 가르침,송태선,믿음은 선물이다라는 최고의 수확을 준 책,박찬영,믿음이란 무엇을 의미하는 지 궁금한가? 혼란스러워 하는 이 시대에 이정표를 제시한다.,,,,,,
"스탠리 하우어워스, 한나의 아이",박찬영,종종 찾아오는 고난과 시련은 왜 내게만 줄곧 찾아오는 지 궁금한 이들에게 권한다. 결국은 실픔과 비통은 찬양과 감사로 바뀌리라.,,,,,,,,,,
"신재식, 예수와 다윈의 동행",,,,,,,,,,,,
"아더 핑크, 아더 핑크의 성화론",송태선,"성화, 하나님 자녀답게 살아내는 은혜의 싸움",박찬영,나의 힘이나 노력이 아닌 오직 성령의 능력과 인도로 나는 예수를 닮아가리.,,,,,,,,
"알리스터 맥그래스, 기독교 변증",박찬영,왜 기독교가 인간에게 구원의 길을 제시하는 유일한 길인 지를 논리와 근거로 설득한다. 다른 곳에서 방황하지 말라.,,,,,,,,,,
"알리스터 맥그래스, 신학이 무슨 소용이냐고 묻는 이들에게",안재욱,"""신앙의 세계에 관한 지도를 지성적으로 그려나가는 작업이 신학""",송태선,"""아는 만큼 믿고, 아는 만큼 깊어진다.""",,,,,,,,
"우종학, 과학시대의 도전과 기독교의 응답",,,,,,,,,,,,
"워렌 W. 위어스비, 하나님의 일꾼과 사역",김은경,"기독교인으로서 가져야 하는 자세와 어떻게 사역해야 하는지 깨닫게 된다. ""목회자의 목회자""로 불리는 저자의 다양한 경험에서 쓰여진 30가지 기록들은 지헤서와 같다. ",,,,,,,,,,
"유발 하라리, 사피엔스",김애리,3만년 전에 사피엔스가 유일하게 살아남은 인류종이 된 이유는 무엇인지 궁금하시다면 당장 이책을 읽어보세요! ,,,,,,,,,,
"유진 피터슨, 그 길을 걸으라",안재욱,"예수님을 ""어떻게"" 따라야 할지가 중요하다",박찬영,"믿게 되었다면, 예수의 길을 따르겠다는 결단이 당연히 따라와야 한다. 스스로를 점검해 보라. 그 분의 인도함을 스스로 재단하지 말라.",,,,,,,,
"유진 피터슨, 비유로 말하라",,,,,,,,,,,,
"이재철, 로마서",박찬영,성경이하는 말씀의 보고중 가장 탁월한 변증서라고 할 수 있는 로마서를 풀어 본다.,,,,,,,,,,
"제임스 패커, 하나님을 아는 지식",박찬영,"그대는 정말 하나님이 누구신 지, 무엇을 하고 계시며 하기를 원하시는 지 알고 싶은가? 신론에 대한 탁월한 저서이다. 그러나 우리는 하나님을 온전히 다 알 수는 없다. 그 앞에서 그만 그 입을 다물라.",,,,,,,,,,
"조병호, 성경과 5대 제국",안재욱,어렵게만 느꼈던 구약에 대해 새로운 관심을 갖게 해준 책,송태선,5대 제국을 통한 구약의 흐름을 잡아준 새로운 시각,박찬영,성경역사비평을 도와줄 자세하고 풍부한 시대적 배경과 흐름을 제시하고 해설해 준다. 올바른 성경 해석을 위하여 우리는 알아야 한다.,,,,,,
"존 맥아더, 구원이란 무엇인가",박찬영,모두가 혼란스러워하는 구원의 정의를 강렬하게 그리고 원론적으로 제시한다. 타협이란 없다.,,,,,,,,,,
"존 스토트, 살아있는 교회",안재욱,"""목사들이 인생을 바치는 일은 참된 말씀 사역이다. 그러나 ... 관리하는 일 때문에 산만해지고 심지어는 그 일에 빠져 버린다"" 우리 성도들도 마찬가지가 아닐지",박찬영,정말 살아있는 교회의 모습을 알고 싶은가? 존 스토트 목사가 피를 토하며 외친다. 그 외침을 들어 보라.,,,,,,,,
"존 스토트, 성령세례와 충만",박찬영,성령충만은 구원받을 때 이미 우리 안에 이루어졌다. 그 인도하심에 귀 기울이고 온전히 순종하는 것이 성령충만이다. 엄한 짓 하지 말라. 덜 채워진 잔에 물 채우듯 하는 것이 성령 충만이 아니다.,,,,,,,,,,
"존 스토트, 현대 사회 문제와 그리스도인의 책임",안재욱,"현대 사회 문제와 관련, 균형 잡힌 그리스도인의 태도를 향한 첫 걸음",박찬영,무엇을 어떻게 해야할 지 모르는 현대의 그리스도인을 위한 지침서.,,,,,,,,
"주원준, 구약의 사람들",김애리,고대근동의 배경지식을 바탕으로 구약을 새롭고 참신한 시각으로 공부할 수 있는 책.  무엇보다 아주 재미있습니다 ,안재욱,책으로 떠나는 성지순례,송태선,"성경안의 빈 구석으로 초대하시는 하나님,
연약한 자를 사용하시는 하나님",박찬영,정말 아브라함을 아는가? 그들에게 역사하시고 인도하시는 하나님의 손길을 경험하고 싶은가?,,,,
"짐 콜린스, 좋은 기업을 넘어 위대한 기업으로",정영훈,"위대한 조직, 영속하는 조직을 만드는 것은 조직에서 생활하는 사람들에게는 영원한 관심사일 것입니다. 이 책은 영속하는 위대한 조직에게서 공통적으로 발견되는 여섯 가지 요인을 정리하여 제시하고 있습니다. 기업이 아닌 다른 조직에서 일하는 분들께서도 관심을 가지실 만하다고 생각합니다.",,,,,,,,,,
"카를로 로벨리, 시간은 흐르지 않는다",김애리,당신과 나의 시간은 같은 리듬과 속도를 갖지 않습니다. 아무것도 변하지 않으면 시간은 없습니다.,송태선,"""시간은 흐른다는 본능 깊숙이 박혀 있던 깨지기 힘든 착각과의 사투 속에서, 사건의 연속인 프레임 같은 우리 삶에 구원을 이루신 하나님의 은혜를 다시 바라보다.""",박찬영,각 자의 시간은 다르며 구별된다. 그래서 존중되어야 한다. 우리의 삶은 인도하시는대로 아름답고 의미있게 독자적으로 펼쳐진다.,,,,,,
"톰 라이트, 요한 계시록",박찬영,"보기 드문, 요한계시록에 대한 탁월한 해설이다. 우리는 소망을 품을 수 있다.",,,,,,,,,,
"팀 켈러, 결혼을 말하다",김은경,"결혼에 대한 바른 시각을 가질 수 있다. ""세상에는 완벽한 배우자는 없으며 결혼생활은 서로 성화되어가는 과정이다. 서로 다름을 인정할 때 다름의 복을 누릴 수 있게 된다"" ",,,,,,,,,,
"팀 켈러, 기도",김은경,"기도를 시작한다면 이 책은 최상의 안내서가 될 것이다. 기도의 본질에서 실제,  하나님의 뜻대로 기도 하는 방법을 알게 되면 하나님의 사랑을 느끼고 누릴 수 있게 된다.;",박찬영,기도에 대한 많은 저서들이 있다. 그 중에서 이 책은 탁월하다. 하나님과 대화하고 싶은가?,,,,,,,,
"팀 켈러, 내가 만든 신",송태선,"하나님보다 소중히 여긴 모든 것, 
그것이 우상이었다.",박찬영,하나님은 신이 아니다. 인간 존재의 이유이자 목적이다. 사탄은 세 가지 광야의 시험으로 끊임없이 인간이 스스로 만든 신을 섬기도록 유혹한다.,,,,,,,,
"필립 얀시, 내가 알지 못했던 예수",박찬영,정말로 예수를 사랑하고 이해할 수 있도록 도와준 책이다. 바로 내 옆에서 나의 모든 생각과 결정에 함께 해 주시는 예수님을 만지고 쓰다듬을 수 있게 해 준 책.,,,,,,,,,,
"필립 얀시, 아무도 말해주지 않았던 것들",박찬영,평소 성경과 신앙과 궁금한 것이 있는가? 어디에서도 그 누구도 대답해 주지 않던가? 우리 이야기 해 보자.,,,,,,,,,,
